<?xml version = '1.0' encoding = 'UTF-8'?>
<FKIndexAssociation class="oracle.dbtools.crest.model.design.relational.FKIndexAssociation" directorySegmentName="seg_0" id="159422E1-0109-18CD-D6F5-C7814CBCCC60" containerWithKeyObject="1C6C46F0-49CA-AB2E-FF97-C82112378C82" localFKIndex="04CCB797-DC3A-F055-8A14-C8A9569E1FF0" name="Cart_User_FK">
<createdBy>GGG</createdBy>
<createdTime>2025-08-11 06:43:26 UTC</createdTime>
<ownerDesignName>ShoppingProject</ownerDesignName>
<referredTableLongName>User</referredTableLongName>
<deleteRule>NO ACTION</deleteRule>
<referredTableID>343C6926-A81B-0000-F174-6F0DDC3E2C90</referredTableID>
<keyObject>AF3071EF-B4AF-33FE-F6C5-00BA1FB67FE0</keyObject>
<referredKeyID>AF3071EF-B4AF-33FE-F6C5-00BA1FB67FE0</referredKeyID>
<mandatory>true</mandatory>
<refColNames>userId</refColNames>
<transferable>true</transferable>
<rely>false</rely>
<columnDependencyConstraintGenerateInDDL>true</columnDependencyConstraintGenerateInDDL>
</FKIndexAssociation>
