<?xml version = '1.0' encoding = 'UTF-8'?>
<FKIndexAssociation class="oracle.dbtools.crest.model.design.relational.FKIndexAssociation" directorySegmentName="seg_0" id="8F13F784-D7E7-749C-8448-45598678E650" containerWithKeyObject="23A0ECC0-29BC-20FF-0F23-2502997333C1" localFKIndex="8DA1FAFC-78CA-6513-69BE-4C268AC97E9B" name="Point_User_FK">
<createdBy>GGG</createdBy>
<createdTime>2025-08-11 06:23:55 UTC</createdTime>
<ownerDesignName>ShoppingProject</ownerDesignName>
<referredTableLongName>User</referredTableLongName>
<deleteRule>NO ACTION</deleteRule>
<referredTableID>343C6926-A81B-0000-F174-6F0DDC3E2C90</referredTableID>
<keyObject>AF3071EF-B4AF-33FE-F6C5-00BA1FB67FE0</keyObject>
<referredKeyID>AF3071EF-B4AF-33FE-F6C5-00BA1FB67FE0</referredKeyID>
<mandatory>true</mandatory>
<refColNames>userId</refColNames>
<transferable>true</transferable>
<rely>false</rely>
<columnDependencyConstraintGenerateInDDL>true</columnDependencyConstraintGenerateInDDL>
</FKIndexAssociation>
