<?xml version = '1.0' encoding = 'UTF-8'?>
<Table class="oracle.dbtools.crest.model.design.relational.Table" directorySegmentName="seg_0" id="23A0ECC0-29BC-20FF-0F23-2502997333C1" name="Point">
<createdBy>GGG</createdBy>
<createdTime>2025-08-11 06:15:48 UTC</createdTime>
<ownerDesignName>ShoppingProject</ownerDesignName>
<ordsAlias>table_2</ordsAlias>
<allowColumnReorder>false</allowColumnReorder>
<existDependencyGenerateInDDl>true</existDependencyGenerateInDDl>
<parsed>true</parsed>
<columns itemClass="oracle.dbtools.crest.model.design.relational.Column">
<Column name="pointNo" id="D54CA0AB-ED5D-C129-23C0-532690B5819E">
<createdBy>GGG</createdBy>
<createdTime>2025-08-11 06:23:16 UTC</createdTime>
<ownerDesignName>ShoppingProject</ownerDesignName>
<useDomainConstraints>false</useDomainConstraints>
<use>1</use>
<logicalDatatype>LOGDT011</logicalDatatype>
<ownDataTypeParameters>,,</ownDataTypeParameters>
<autoIncrementColumn>true</autoIncrementColumn>
<autoIncrementCycle>false</autoIncrementCycle>
</Column>
<Column name="userId" id="A819BB39-E9F4-CD65-0C02-9439B13E80A6">
<createdBy>GGG</createdBy>
<createdTime>2025-08-11 06:23:55 UTC</createdTime>
<ownerDesignName>ShoppingProject</ownerDesignName>
<useDomainConstraints>false</useDomainConstraints>
<use>1</use>
<logicalDatatype>LOGDT024</logicalDatatype>
<dataTypeSize>20</dataTypeSize>
<ownDataTypeParameters>,,</ownDataTypeParameters>
<previousColumn>false</previousColumn>
<autoIncrementCycle>false</autoIncrementCycle>
<associations>
<colAssociation fkAssociation="8F13F784-D7E7-749C-8448-45598678E650" referredColumn="58C70D8E-4DD1-C36B-69D0-A30E306DE59D"/>
</associations>
</Column>
<Column name="point" id="9F17F1AE-59DF-2290-F926-6E967A9536FB">
<createdBy>GGG</createdBy>
<createdTime>2025-08-11 06:23:16 UTC</createdTime>
<ownerDesignName>ShoppingProject</ownerDesignName>
<useDomainConstraints>false</useDomainConstraints>
<use>1</use>
<logicalDatatype>LOGDT011</logicalDatatype>
<ownDataTypeParameters>,,</ownDataTypeParameters>
<autoIncrementCycle>false</autoIncrementCycle>
</Column>
<Column name="desc" id="CE0D45CB-6A56-E45B-B89C-10EF7A8DA5D5">
<createdBy>GGG</createdBy>
<createdTime>2025-08-11 06:23:16 UTC</createdTime>
<ownerDesignName>ShoppingProject</ownerDesignName>
<useDomainConstraints>false</useDomainConstraints>
<use>1</use>
<logicalDatatype>LOGDT024</logicalDatatype>
<dataTypeSize>100 BYTE</dataTypeSize>
<ownDataTypeParameters>100 BYTE,,</ownDataTypeParameters>
<autoIncrementCycle>false</autoIncrementCycle>
</Column>
<Column name="pointDate" id="10A3BA54-C4A1-7B4F-0D00-A1A8080F5596">
<createdBy>GGG</createdBy>
<createdTime>2025-08-11 06:23:16 UTC</createdTime>
<ownerDesignName>ShoppingProject</ownerDesignName>
<useDomainConstraints>false</useDomainConstraints>
<use>1</use>
<logicalDatatype>LOGDT008</logicalDatatype>
<ownDataTypeParameters>,,</ownDataTypeParameters>
<autoIncrementCycle>false</autoIncrementCycle>
</Column>
</columns>
<indexes itemClass="oracle.dbtools.crest.model.design.relational.Index">
<ind_PK_UK id="D0F60ACF-179F-499B-D1A6-45011D40A80C" name="Point_PK">
<createdBy>GGG</createdBy>
<createdTime>2025-08-11 06:23:16 UTC</createdTime>
<ownerDesignName>ShoppingProject</ownerDesignName>
<pk>true</pk>
<indexState>Primary Constraint</indexState>
<isSurrogateKey>false</isSurrogateKey>
<indexColumnUsage>
<colUsage columnID="D54CA0AB-ED5D-C129-23C0-532690B5819E"/>
</indexColumnUsage>
</ind_PK_UK>
<ind_PK_UK id="8DA1FAFC-78CA-6513-69BE-4C268AC97E9B" name="Point_User_FK">
<createdBy>GGG</createdBy>
<createdTime>2025-08-11 06:23:55 UTC</createdTime>
<ownerDesignName>ShoppingProject</ownerDesignName>
<indexState>Foreign Key</indexState>
<isSurrogateKey>false</isSurrogateKey>
<indexColumnUsage>
<colUsage columnID="A819BB39-E9F4-CD65-0C02-9439B13E80A6"/>
</indexColumnUsage>
</ind_PK_UK>
</indexes>
</Table>
