<?xml version = '1.0' encoding = 'UTF-8'?>
<Table class="oracle.dbtools.crest.model.design.relational.Table" directorySegmentName="seg_0" id="32B29E54-835C-CF0C-CBD3-85FA7C49BE36" name="Seller">
<createdBy>GGG</createdBy>
<createdTime>2025-08-11 06:15:58 UTC</createdTime>
<ownerDesignName>ShoppingProject</ownerDesignName>
<ordsAlias>table_3</ordsAlias>
<allowColumnReorder>false</allowColumnReorder>
<existDependencyGenerateInDDl>true</existDependencyGenerateInDDl>
<parsed>true</parsed>
<columns itemClass="oracle.dbtools.crest.model.design.relational.Column">
<Column name="sellerNo" id="1EEF5E48-5902-E7CF-FE52-EEC0E1FA47E4">
<createdBy>GGG</createdBy>
<createdTime>2025-08-11 06:26:57 UTC</createdTime>
<ownerDesignName>ShoppingProject</ownerDesignName>
<useDomainConstraints>false</useDomainConstraints>
<use>1</use>
<logicalDatatype>LOGDT019</logicalDatatype>
<dataTypePrecision>5</dataTypePrecision>
<ownDataTypeParameters>,5,</ownDataTypeParameters>
<autoIncrementCycle>false</autoIncrementCycle>
</Column>
<Column name="company" id="D4A519CD-26C4-EFEE-4906-5810D4627724">
<createdBy>GGG</createdBy>
<createdTime>2025-08-11 06:26:57 UTC</createdTime>
<ownerDesignName>ShoppingProject</ownerDesignName>
<useDomainConstraints>false</useDomainConstraints>
<use>1</use>
<logicalDatatype>LOGDT024</logicalDatatype>
<dataTypeSize>100 BYTE</dataTypeSize>
<ownDataTypeParameters>100 BYTE,,</ownDataTypeParameters>
<autoIncrementCycle>false</autoIncrementCycle>
</Column>
<Column name="tel" id="94AE64D0-615C-B772-2925-DA2D814EDAC6">
<createdBy>GGG</createdBy>
<createdTime>2025-08-11 06:26:57 UTC</createdTime>
<ownerDesignName>ShoppingProject</ownerDesignName>
<useDomainConstraints>false</useDomainConstraints>
<use>1</use>
<logicalDatatype>LOGDT024</logicalDatatype>
<dataTypeSize>20 CHAR</dataTypeSize>
<ownDataTypeParameters>20 CHAR,,</ownDataTypeParameters>
<autoIncrementCycle>false</autoIncrementCycle>
</Column>
<Column name="manager" id="A192CB97-B037-DDF9-0FFC-19945B9616BC">
<createdBy>GGG</createdBy>
<createdTime>2025-08-11 06:26:57 UTC</createdTime>
<ownerDesignName>ShoppingProject</ownerDesignName>
<useDomainConstraints>false</useDomainConstraints>
<use>1</use>
<logicalDatatype>LOGDT024</logicalDatatype>
<dataTypeSize>20 BYTE</dataTypeSize>
<ownDataTypeParameters>20 BYTE,,</ownDataTypeParameters>
<autoIncrementCycle>false</autoIncrementCycle>
</Column>
<Column name="address" id="5C1F1D06-A831-6F97-FE7C-8E7B2FCAEB6D">
<createdBy>GGG</createdBy>
<createdTime>2025-08-11 06:26:57 UTC</createdTime>
<ownerDesignName>ShoppingProject</ownerDesignName>
<useDomainConstraints>false</useDomainConstraints>
<use>1</use>
<logicalDatatype>LOGDT024</logicalDatatype>
<dataTypeSize>100</dataTypeSize>
<ownDataTypeParameters>100,,</ownDataTypeParameters>
<autoIncrementCycle>false</autoIncrementCycle>
</Column>
</columns>
<indexes itemClass="oracle.dbtools.crest.model.design.relational.Index">
<ind_PK_UK id="EE955386-F44F-E52C-09E4-2F38B9BDFDE1" name="Seller_PK">
<createdBy>GGG</createdBy>
<createdTime>2025-08-11 06:26:57 UTC</createdTime>
<ownerDesignName>ShoppingProject</ownerDesignName>
<pk>true</pk>
<indexState>Primary Constraint</indexState>
<isSurrogateKey>false</isSurrogateKey>
<indexColumnUsage>
<colUsage columnID="1EEF5E48-5902-E7CF-FE52-EEC0E1FA47E4"/>
</indexColumnUsage>
</ind_PK_UK>
</indexes>
</Table>
