<?xml version = '1.0' encoding = 'UTF-8'?>
<Table class="oracle.dbtools.crest.model.design.relational.Table" directorySegmentName="seg_0" id="343C6926-A81B-0000-F174-6F0DDC3E2C90" name="User">
<createdBy>GGG</createdBy>
<createdTime>2025-08-11 06:15:34 UTC</createdTime>
<ownerDesignName>ShoppingProject</ownerDesignName>
<ordsAlias>table_1</ordsAlias>
<allowColumnReorder>false</allowColumnReorder>
<existDependencyGenerateInDDl>true</existDependencyGenerateInDDl>
<parsed>true</parsed>
<columns itemClass="oracle.dbtools.crest.model.design.relational.Column">
<Column name="userId" id="58C70D8E-4DD1-C36B-69D0-A30E306DE59D">
<createdBy>GGG</createdBy>
<createdTime>2025-08-11 06:20:42 UTC</createdTime>
<ownerDesignName>ShoppingProject</ownerDesignName>
<useDomainConstraints>false</useDomainConstraints>
<use>1</use>
<logicalDatatype>LOGDT024</logicalDatatype>
<dataTypeSize>20</dataTypeSize>
<ownDataTypeParameters>20,,</ownDataTypeParameters>
<autoIncrementCycle>false</autoIncrementCycle>
</Column>
<Column name="name" id="855A7C00-0735-BD34-82C8-44D37BDFCCA3">
<createdBy>GGG</createdBy>
<createdTime>2025-08-11 06:20:42 UTC</createdTime>
<ownerDesignName>ShoppingProject</ownerDesignName>
<useDomainConstraints>false</useDomainConstraints>
<use>1</use>
<logicalDatatype>LOGDT024</logicalDatatype>
<dataTypeSize>20</dataTypeSize>
<ownDataTypeParameters>20,,</ownDataTypeParameters>
<autoIncrementCycle>false</autoIncrementCycle>
</Column>
<Column name="birth" id="84BC3965-B346-343E-ACB8-1835D071AABE">
<createdBy>GGG</createdBy>
<createdTime>2025-08-11 06:20:42 UTC</createdTime>
<ownerDesignName>ShoppingProject</ownerDesignName>
<useDomainConstraints>false</useDomainConstraints>
<use>1</use>
<logicalDatatype>LOGDT025</logicalDatatype>
<dataTypeSize>10 BYTE</dataTypeSize>
<ownDataTypeParameters>10 BYTE,,</ownDataTypeParameters>
<autoIncrementCycle>false</autoIncrementCycle>
</Column>
<Column name="gender" id="CE93EE3C-4C0C-FB3E-84D8-2F7CED992DB2">
<createdBy>GGG</createdBy>
<createdTime>2025-08-11 06:20:42 UTC</createdTime>
<ownerDesignName>ShoppingProject</ownerDesignName>
<useDomainConstraints>false</useDomainConstraints>
<use>1</use>
<logicalDatatype>LOGDT025</logicalDatatype>
<dataTypeSize>1 BYTE</dataTypeSize>
<ownDataTypeParameters>1 BYTE,,</ownDataTypeParameters>
<autoIncrementCycle>false</autoIncrementCycle>
</Column>
<Column name="hp" id="6559A5A2-2DF7-9313-53D4-0133A67D49B2">
<createdBy>GGG</createdBy>
<createdTime>2025-08-11 06:20:42 UTC</createdTime>
<ownerDesignName>ShoppingProject</ownerDesignName>
<useDomainConstraints>false</useDomainConstraints>
<use>1</use>
<logicalDatatype>LOGDT025</logicalDatatype>
<dataTypeSize>13 BYTE</dataTypeSize>
<ownDataTypeParameters>13 BYTE,,</ownDataTypeParameters>
<autoIncrementCycle>false</autoIncrementCycle>
</Column>
<Column name="email" id="458FD34A-298D-FD71-CFDD-71D5D02D741E">
<createdBy>GGG</createdBy>
<createdTime>2025-08-11 06:20:42 UTC</createdTime>
<ownerDesignName>ShoppingProject</ownerDesignName>
<nullsAllowed>true</nullsAllowed>
<useDomainConstraints>false</useDomainConstraints>
<use>1</use>
<logicalDatatype>LOGDT024</logicalDatatype>
<dataTypeSize>100 BYTE</dataTypeSize>
<ownDataTypeParameters>100 BYTE,,</ownDataTypeParameters>
<autoIncrementCycle>false</autoIncrementCycle>
</Column>
<Column name="point" id="955D52F0-491E-DAFD-FDDB-535DD31D42DC">
<createdBy>GGG</createdBy>
<createdTime>2025-08-11 06:20:42 UTC</createdTime>
<ownerDesignName>ShoppingProject</ownerDesignName>
<nullsAllowed>true</nullsAllowed>
<useDomainConstraints>false</useDomainConstraints>
<use>1</use>
<logicalDatatype>LOGDT011</logicalDatatype>
<defaultValue>0</defaultValue>
<ownDataTypeParameters>,,</ownDataTypeParameters>
<autoIncrementCycle>false</autoIncrementCycle>
</Column>
<Column name="level" id="57692347-A844-DC04-73E4-C182D414AB09">
<createdBy>GGG</createdBy>
<createdTime>2025-08-11 06:20:42 UTC</createdTime>
<ownerDesignName>ShoppingProject</ownerDesignName>
<nullsAllowed>true</nullsAllowed>
<useDomainConstraints>false</useDomainConstraints>
<use>1</use>
<logicalDatatype>LOGDT011</logicalDatatype>
<defaultValue>1</defaultValue>
<ownDataTypeParameters>,,</ownDataTypeParameters>
<autoIncrementCycle>false</autoIncrementCycle>
</Column>
<Column name="address" id="0C55951E-EE1C-4AE2-39FB-AA28E7905DB3">
<createdBy>GGG</createdBy>
<createdTime>2025-08-11 06:20:42 UTC</createdTime>
<ownerDesignName>ShoppingProject</ownerDesignName>
<nullsAllowed>true</nullsAllowed>
<useDomainConstraints>false</useDomainConstraints>
<use>1</use>
<logicalDatatype>LOGDT024</logicalDatatype>
<dataTypeSize>100 BYTE</dataTypeSize>
<ownDataTypeParameters>100 BYTE,,</ownDataTypeParameters>
<autoIncrementCycle>false</autoIncrementCycle>
</Column>
<Column name="regDate" id="98B4F15F-39F8-DE4F-8C88-8D7F9C9B50BF">
<createdBy>GGG</createdBy>
<createdTime>2025-08-11 06:20:42 UTC</createdTime>
<ownerDesignName>ShoppingProject</ownerDesignName>
<useDomainConstraints>false</useDomainConstraints>
<use>1</use>
<logicalDatatype>LOGDT008</logicalDatatype>
<ownDataTypeParameters>,,</ownDataTypeParameters>
<autoIncrementCycle>false</autoIncrementCycle>
</Column>
</columns>
<indexes itemClass="oracle.dbtools.crest.model.design.relational.Index">
<ind_PK_UK id="AF3071EF-B4AF-33FE-F6C5-00BA1FB67FE0" name="User_PK">
<createdBy>GGG</createdBy>
<createdTime>2025-08-11 06:20:42 UTC</createdTime>
<ownerDesignName>ShoppingProject</ownerDesignName>
<pk>true</pk>
<indexState>Primary Constraint</indexState>
<isSurrogateKey>false</isSurrogateKey>
<indexColumnUsage>
<colUsage columnID="58C70D8E-4DD1-C36B-69D0-A30E306DE59D"/>
</indexColumnUsage>
</ind_PK_UK>
<ind_PK_UK id="4BEC599F-BC2D-84A5-B62F-B3F41F43D26B" name="User__UN">
<createdBy>GGG</createdBy>
<createdTime>2025-08-11 06:21:03 UTC</createdTime>
<ownerDesignName>ShoppingProject</ownerDesignName>
<indexState>Unique Constraint</indexState>
<isSurrogateKey>false</isSurrogateKey>
<indexColumnUsage>
<colUsage columnID="6559A5A2-2DF7-9313-53D4-0133A67D49B2"/>
<colUsage columnID="458FD34A-298D-FD71-CFDD-71D5D02D741E"/>
</indexColumnUsage>
</ind_PK_UK>
</indexes>
</Table>
