<?xml version = '1.0' encoding = 'UTF-8'?>
<Table class="oracle.dbtools.crest.model.design.relational.Table" directorySegmentName="seg_0" id="B0AFFCB9-F555-E88B-E54A-FD0D805448E7" name="Category">
<createdBy>GGG</createdBy>
<createdTime>2025-08-11 06:16:06 UTC</createdTime>
<ownerDesignName>ShoppingProject</ownerDesignName>
<ordsAlias>table_4</ordsAlias>
<allowColumnReorder>false</allowColumnReorder>
<existDependencyGenerateInDDl>true</existDependencyGenerateInDDl>
<parsed>true</parsed>
<columns itemClass="oracle.dbtools.crest.model.design.relational.Column">
<Column name="cateNo" id="A03A6C95-8C45-86A5-6153-8E703C0B2B0A">
<createdBy>GGG</createdBy>
<createdTime>2025-08-11 06:27:30 UTC</createdTime>
<ownerDesignName>ShoppingProject</ownerDesignName>
<useDomainConstraints>false</useDomainConstraints>
<use>1</use>
<logicalDatatype>LOGDT019</logicalDatatype>
<dataTypePrecision>2</dataTypePrecision>
<ownDataTypeParameters>,2,</ownDataTypeParameters>
<autoIncrementCycle>false</autoIncrementCycle>
</Column>
<Column name="cateName" id="9A942AB6-B71A-BD75-F3C6-51ECD8553BD1">
<createdBy>GGG</createdBy>
<createdTime>2025-08-11 06:27:30 UTC</createdTime>
<ownerDesignName>ShoppingProject</ownerDesignName>
<useDomainConstraints>false</useDomainConstraints>
<use>1</use>
<logicalDatatype>LOGDT024</logicalDatatype>
<dataTypeSize>100 BYTE</dataTypeSize>
<ownDataTypeParameters>100 BYTE,,</ownDataTypeParameters>
<autoIncrementCycle>false</autoIncrementCycle>
</Column>
</columns>
<indexes itemClass="oracle.dbtools.crest.model.design.relational.Index">
<ind_PK_UK id="4FB5F0F4-EDFB-43EA-AE0A-00BB734795E1" name="Category_PK">
<createdBy>GGG</createdBy>
<createdTime>2025-08-11 06:27:30 UTC</createdTime>
<ownerDesignName>ShoppingProject</ownerDesignName>
<pk>true</pk>
<indexState>Primary Constraint</indexState>
<isSurrogateKey>false</isSurrogateKey>
<indexColumnUsage>
<colUsage columnID="A03A6C95-8C45-86A5-6153-8E703C0B2B0A"/>
</indexColumnUsage>
</ind_PK_UK>
</indexes>
</Table>
