<?xml version = '1.0' encoding = 'UTF-8'?>
<relationalModel class="oracle.dbtools.crest.model.design.relational.RelationalDesign" name="Relational_1" id="9FE1738D-0934-3608-581C-48E92695808A" mainViewID="F4B5645F-409B-56D3-22FB-BE3A327C2E35">
<createdBy>GGG</createdBy>
<createdTime>2025-08-11 06:14:07 UTC</createdTime>
<ownerDesignName>ShoppingProject</ownerDesignName>
<shouldBeOpen>false</shouldBeOpen>
<selectedRDBMSSite>32076570-2523-435C-2E92-BF29817DFF70</selectedRDBMSSite>
</relationalModel>