<?xml version = '1.0' encoding = 'UTF-8'?>
<Diagram class="oracle.dbtools.crest.swingui.relational.DPVRelational" name="BankProjectERD" id="A46827CF-8D90-E1C9-9016-D08694FB90B4">
<createdBy>GGG</createdBy>
<modifiedBy>GGG</modifiedBy>
<createdTime>2025-08-13 00:07:30 UTC</createdTime>
<autoRoute>false</autoRoute>
<boxInbox>true</boxInbox>
<showLegend>false</showLegend>
<showLabels>false</showLabels>
<showRelAttributes>false</showRelAttributes>
<gridEnabled>false</gridEnabled>
<showGrid>false</showGrid>
<diagramColor>-1</diagramColor>
<display>false</display>
<notation>1</notation>
<objectViews>
<OView class="oracle.dbtools.crest.swingui.relational.TVTable" oid="1ECDEDCD-87FF-40F7-ACF9-84E9B11D1A65" otype="Table" vid="7B3FF7F5-8E2C-6AF5-850D-61509895E01D">
<hideElementsInCurrentOnly>false</hideElementsInCurrentOnly>
<bounds x="861" y="138" width="203" height="200"/>
</OView>
<OView class="oracle.dbtools.crest.swingui.relational.TVTable" oid="4D26A5ED-0C9D-0498-BDCE-F7B3A8CF1F36" otype="Table" vid="1B908EA4-9A3A-1415-509E-15A0AFEAB6DD">
<hideElementsInCurrentOnly>false</hideElementsInCurrentOnly>
<bounds x="158" y="134" width="224" height="178"/>
</OView>
<OView class="oracle.dbtools.crest.swingui.relational.TVTable" oid="4E977C38-579D-FECC-D04D-9C2CA8EBD359" otype="Table" vid="CF9A4978-10E1-74C3-4038-7EE1BDFD22C7">
<hideElementsInCurrentOnly>false</hideElementsInCurrentOnly>
<bounds x="1172" y="144" width="238" height="184"/>
</OView>
<OView class="oracle.dbtools.crest.swingui.relational.TVTable" oid="C1FAC554-6686-A637-87F9-FF5197068E5D" otype="Table" vid="86BC0669-9EE8-3A57-6153-445D0C32C6A7">
<hideElementsInCurrentOnly>false</hideElementsInCurrentOnly>
<bounds x="495" y="225" width="260" height="201"/>
</OView>
</objectViews>
<connectors>
<Connector class="oracle.dbtools.crest.swingui.relational.TVFKRelation" oid="07F91EEB-E341-AD80-AD82-169FD2E3FEE2" otype="FKIndexAssociation" vid_source="7B3FF7F5-8E2C-6AF5-850D-61509895E01D" vid_target="CF9A4978-10E1-74C3-4038-7EE1BDFD22C7">
<hideElementsInCurrentOnly>false</hideElementsInCurrentOnly>
<backgroundColor>-16777216</backgroundColor>
<lineWidth>1</lineWidth>
<points>
<point x="1064" y="266"/>
<point x="1172" y="266"/>
</points>
</Connector>
<Connector class="oracle.dbtools.crest.swingui.relational.TVFKRelation" oid="4D147A87-4BD6-F781-D7C6-AA504F10C434" otype="FKIndexAssociation" vid_source="1B908EA4-9A3A-1415-509E-15A0AFEAB6DD" vid_target="7B3FF7F5-8E2C-6AF5-850D-61509895E01D">
<hideElementsInCurrentOnly>false</hideElementsInCurrentOnly>
<backgroundColor>-16777216</backgroundColor>
<lineWidth>1</lineWidth>
<points>
<point x="382" y="165"/>
<point x="861" y="165"/>
</points>
</Connector>
<Connector class="oracle.dbtools.crest.swingui.relational.TVFKRelation" oid="7A347FD4-39FE-3F1C-FC38-70D8C25A5DD5" otype="FKIndexAssociation" vid_source="7B3FF7F5-8E2C-6AF5-850D-61509895E01D" vid_target="86BC0669-9EE8-3A57-6153-445D0C32C6A7">
<hideElementsInCurrentOnly>false</hideElementsInCurrentOnly>
<backgroundColor>-16777216</backgroundColor>
<lineWidth>1</lineWidth>
<points>
<point x="861" y="281"/>
<point x="755" y="281"/>
</points>
</Connector>
<Connector class="oracle.dbtools.crest.swingui.relational.TVFKRelation" oid="D83FD9FE-D7F2-E8A3-7DDA-CF7AD1FA8935" otype="FKIndexAssociation" vid_source="1B908EA4-9A3A-1415-509E-15A0AFEAB6DD" vid_target="86BC0669-9EE8-3A57-6153-445D0C32C6A7">
<hideElementsInCurrentOnly>false</hideElementsInCurrentOnly>
<backgroundColor>-16777216</backgroundColor>
<lineWidth>1</lineWidth>
<points>
<point x="382" y="283"/>
<point x="495" y="283"/>
</points>
</Connector>
</connectors>
</Diagram>