<?xml version = '1.0' encoding = 'UTF-8'?>
<relationalModel class="oracle.dbtools.crest.model.design.relational.RelationalDesign" name="BankProjectERD" id="2201DFF6-F5EF-5FAC-EACC-540451155A41" mainViewID="A46827CF-8D90-E1C9-9016-D08694FB90B4">
<createdBy>GGG</createdBy>
<createdTime>2025-08-13 00:07:18 UTC</createdTime>
<ownerDesignName>BankProjectERD</ownerDesignName>
<shouldBeOpen>false</shouldBeOpen>
<selectedRDBMSSite>32076570-2523-435C-2E92-BF29817DFF70</selectedRDBMSSite>
</relationalModel>