<?xml version = '1.0' encoding = 'UTF-8'?>
<FKIndexAssociation class="oracle.dbtools.crest.model.design.relational.FKIndexAssociation" directorySegmentName="seg_0" id="07F91EEB-E341-AD80-AD82-169FD2E3FEE2" containerWithKeyObject="4E977C38-579D-FECC-D04D-9C2CA8EBD359" localFKIndex="27B10A67-A5A0-EBBA-4BF2-F026A3884FED" name="Transaction_Account_FK">
<createdBy>GGG</createdBy>
<createdTime>2025-08-13 00:22:49 UTC</createdTime>
<ownerDesignName>BankProjectERD</ownerDesignName>
<referredTableLongName>Account</referredTableLongName>
<deleteRule>NO ACTION</deleteRule>
<referredTableID>1ECDEDCD-87FF-40F7-ACF9-84E9B11D1A65</referredTableID>
<keyObject>4B8981AD-C98A-F6DA-8ABA-E6712E42412B</keyObject>
<referredKeyID>4B8981AD-C98A-F6DA-8ABA-E6712E42412B</referredKeyID>
<mandatory>true</mandatory>
<refColNames>acc_id</refColNames>
<transferable>true</transferable>
<rely>false</rely>
<columnDependencyConstraintGenerateInDDL>true</columnDependencyConstraintGenerateInDDL>
</FKIndexAssociation>