<?xml version = '1.0' encoding = 'UTF-8'?>
<FKIndexAssociation class="oracle.dbtools.crest.model.design.relational.FKIndexAssociation" directorySegmentName="seg_0" id="7A347FD4-39FE-3F1C-FC38-70D8C25A5DD5" containerWithKeyObject="C1FAC554-6686-A637-87F9-FF5197068E5D" localFKIndex="4ED35901-AEFD-3689-3D27-DD705E07D330" name="Card_Account_FK">
<createdBy>GGG</createdBy>
<createdTime>2025-08-13 00:22:15 UTC</createdTime>
<ownerDesignName>BankProjectERD</ownerDesignName>
<referredTableLongName>Account</referredTableLongName>
<deleteRule>NO ACTION</deleteRule>
<referredTableID>1ECDEDCD-87FF-40F7-ACF9-84E9B11D1A65</referredTableID>
<keyObject>4B8981AD-C98A-F6DA-8ABA-E6712E42412B</keyObject>
<referredKeyID>4B8981AD-C98A-F6DA-8ABA-E6712E42412B</referredKeyID>
<mandatory>false</mandatory>
<refColNames>acc_id</refColNames>
<transferable>true</transferable>
<rely>false</rely>
<columnDependencyConstraintGenerateInDDL>true</columnDependencyConstraintGenerateInDDL>
</FKIndexAssociation>