<?xml version = '1.0' encoding = 'UTF-8'?>
<Table class="oracle.dbtools.crest.model.design.relational.Table" directorySegmentName="seg_0" id="E9FDF9EF-17CA-897B-9B4F-52CF804E60B0" name="department">
<createdBy>GGG</createdBy>
<createdTime>2025-08-12 02:05:06 UTC</createdTime>
<ownerDesignName>hospitalERD</ownerDesignName>
<ordsAlias>table_1</ordsAlias>
<allowColumnReorder>false</allowColumnReorder>
<existDependencyGenerateInDDl>true</existDependencyGenerateInDDl>
<parsed>true</parsed>
<columns itemClass="oracle.dbtools.crest.model.design.relational.Column">
<Column name="dep_no" id="01BC6665-2D81-778D-30FB-8B5A3AF5AD73">
<createdBy>GGG</createdBy>
<createdTime>2025-08-12 02:06:07 UTC</createdTime>
<ownerDesignName>hospitalERD</ownerDesignName>
<useDomainConstraints>false</useDomainConstraints>
<use>1</use>
<logicalDatatype>LOGDT025</logicalDatatype>
<dataTypeSize>3 BYTE</dataTypeSize>
<ownDataTypeParameters>3 BYTE,,</ownDataTypeParameters>
<autoIncrementCycle>false</autoIncrementCycle>
</Column>
<Column name="dep_name" id="B44CB463-38E7-4E3B-6166-07C2FE883640">
<createdBy>GGG</createdBy>
<createdTime>2025-08-12 02:06:07 UTC</createdTime>
<ownerDesignName>hospitalERD</ownerDesignName>
<useDomainConstraints>false</useDomainConstraints>
<use>1</use>
<logicalDatatype>LOGDT024</logicalDatatype>
<dataTypeSize>20 BYTE</dataTypeSize>
<ownDataTypeParameters>20 BYTE,,</ownDataTypeParameters>
<autoIncrementCycle>false</autoIncrementCycle>
</Column>
<Column name="dep_manager" id="28FFE448-D69C-3A23-7BC1-347589E4CAC1">
<createdBy>GGG</createdBy>
<createdTime>2025-08-12 02:06:07 UTC</createdTime>
<ownerDesignName>hospitalERD</ownerDesignName>
<useDomainConstraints>false</useDomainConstraints>
<use>1</use>
<logicalDatatype>LOGDT024</logicalDatatype>
<dataTypeSize>20 BYTE</dataTypeSize>
<ownDataTypeParameters>20 BYTE,,</ownDataTypeParameters>
<autoIncrementCycle>false</autoIncrementCycle>
</Column>
<Column name="dep_tel" id="8F196F7B-1E2C-785A-6BEE-07886387F92D">
<createdBy>GGG</createdBy>
<createdTime>2025-08-12 02:06:07 UTC</createdTime>
<ownerDesignName>hospitalERD</ownerDesignName>
<useDomainConstraints>false</useDomainConstraints>
<use>1</use>
<logicalDatatype>LOGDT024</logicalDatatype>
<dataTypeSize>20</dataTypeSize>
<ownDataTypeParameters>20,,</ownDataTypeParameters>
<autoIncrementCycle>false</autoIncrementCycle>
</Column>
</columns>
<indexes itemClass="oracle.dbtools.crest.model.design.relational.Index">
<ind_PK_UK id="670B06BA-365A-188B-1097-B014BD17C202" name="department_PK">
<createdBy>GGG</createdBy>
<createdTime>2025-08-12 02:06:07 UTC</createdTime>
<ownerDesignName>hospitalERD</ownerDesignName>
<pk>true</pk>
<indexState>Primary Constraint</indexState>
<isSurrogateKey>false</isSurrogateKey>
<indexColumnUsage>
<colUsage columnID="01BC6665-2D81-778D-30FB-8B5A3AF5AD73"/>
</indexColumnUsage>
</ind_PK_UK>
</indexes>
</Table>
